ville,route,pre,route,route
pre,pre,route,pre,abbaye
pre,pre,pre,pre,abbaye
blason,blason,blason,blason,blason
ville,pre,pre,pre,pre
pre,blason,pre,ville,ville
pre,ville,pre,ville,ville
ville,pre,ville,pre,pre
ville,pre,pre,ville,pre
ville,route,route,pre,route
ville,pre,route,route,route
ville,route,route,route,village
blason,blason,pre,pre,blason
ville,ville,pre,pre,ville
blason,route,route,blason,route
ville,route,route,ville,route
blason,blason,pre,blason,blason
ville,ville,pre,ville,ville
blason,blason,route,blason,blason
ville,ville,route,ville,ville
route,pre,route,pre,route
pre,pre,route,route,route
pre,route,route,route,village
route,route,route,route,village
pre,pre,route,pre,abbaye
pre,pre,pre,pre,abbaye
blason,blason,blason,blason,blason
ville,route,pre,route,route
ville,pre,pre,pre,pre
pre,blason,pre,ville,ville
pre,ville,pre,ville,ville
ville,pre,ville,pre,pre
ville,pre,pre,ville,pre
ville,route,route,pre,route
ville,pre,route,route,route
ville,route,route,route,village
blason,blason,pre,pre,blason
ville,ville,pre,pre,ville
blason,route,route,blason,route
ville,route,route,ville,route
blason,blason,pre,blason,blason
ville,ville,pre,ville,ville
blason,blason,route,blason,blason
ville,ville,route,ville,ville
route,pre,route,pre,route
pre,pre,route,route,route
pre,route,route,route,village
route,route,route,route,village
pre,pre,route,pre,abbaye
pre,pre,pre,pre,abbaye
blason,blason,blason,blason,blason
ville,route,pre,route,route
ville,pre,pre,pre,pre
pre,blason,pre,ville,ville
pre,ville,pre,ville,ville
ville,pre,ville,pre,pre
ville,pre,pre,ville,pre
ville,route,route,pre,route
ville,pre,route,route,route
ville,route,route,route,village
blason,blason,pre,pre,blason
ville,ville,pre,pre,ville
blason,route,route,blason,route
ville,route,route,ville,route
blason,blason,pre,blason,blason
ville,ville,pre,ville,ville
blason,blason,route,blason,blason
ville,ville,route,ville,ville
route,pre,route,pre,route
pre,pre,route,route,route
pre,route,route,route,village
route,route,route,route,village